Format: https://www.debian.org/doc/packaging-manuals/copyright-format/1.0/
Upstream-Name: cgmath
Upstream-Contact: Rust game-developers
Source: https://github.com/rustgd/cgmath

Files: *
Copyright:
 2012-2018 Brendan Zabarauskas <bjzaba@yahoo.com.au>
 2013-2020 Dzmitry Malyshau <dmalyshau@mozilla.com>
 2013-2015 Coraline Sherratt <cora.sherratt@gmail.com>
 2014-2017 Andréy Lesnikóv <ozkriff@gmail.com>
 2014-2015 Pierre Krieger <pierre.krieger1708@gmail.com>
 2013-2014 <ember@lunar.town>
 2012-2014 Luqman Aden <me@luqman.ca>
 2019-2019 Norbert Nemec <Norbert@Nemec-online.de>
 2015-2016 Cameron Hart <cameron.hart@gmail.com>
 2017-2018 Osspial <oss@osspial.net>
 2017-2020 Egor Larionov <egor.larionov@gmail.com>
 2016-2016 Mark Hintz <markohintz@gmail.com>
 2015-2015 J. Neuschäfer <j.neuschaefer@gmx.net>
 2020-2020 aloucks <aloucks@cofront.net>
 2014-2014 Aaron Jacobs <atheriel@gmail.com>
 2014-2014 Risto Saarelma <risto.saarelma@iki.fi>
 2019-2020 Nathan Stoddard <nstoddard@users.noreply.github.com>
 2016-2016 Andrew Dudney <andrew.dudney@gmail.com>
 2014-2014 Emilia Bopp <contact@ebopp.de>
 2017-2017 Luxko <mail@luxlyu.com>
 2024-2024 Alan Everett <thatcomputerguy0101@gmail.com>
 2014-2015 Zeke Foppa <benjamin.foppa@gmail.com>
 2018-2021 Shane Pearman <spearman@gitlab.com>
 2013-2013 Maik Klein <maikklein@googlemail.com>
 2018-2019 Lukas Kalbertodt <lukas.kalbertodt@gmail.com>
 2015-2015 Jihyeon Kim (김지현) <simnalamburt@gmail.com>
 2017-2018 Ben Boeckel <mathstuf@gmail.com>
 2016-2016 Jordan Miner <jminer7@gmail.com>
 2017-2017 harrison clarke <notallama@gmail.com>
 2017-2017 Dimitri Sabadie <hadronized@strongly-typed-thoughts.net>
 2014-2014 Brandon Waskiewicz <brandon.waskiewicz@gmail.com>
 2018-2018 Trangar <github@trang.ar>
 2014-2014 Lennart Jansson <lennartj@stanford.edu>
 2014-2014 Rich Lane <rlane@club.cc.cmu.edu>
 2017-2017 Matthew Plant <maplant@protonmail.com>
 2022-2022 HAMADA Shota <me@maku693.net>
 2020-2020 <josh4820@gmail.com>
 2012-2014 Erick Tryzelaar <erick.tryzelaar@gmail.com>
 2013-2013 Mikko Perttunen <cyndis@kapsi.fi>
 2013-2013 Boden Garman <bpgarman@gmail.com>
 2021-2021 Adam Gausmann <adam@gaussian.dev>
 2014-2015 Ty Overby <ty@pre-alpha.com>
 2016-2016 Marckvdv <marckvandervegt@gmail.com>
 2017-2017 Magnus Bergmark <me@mange.dev>
 2014-2014 HeroesGrave <heroesgrave@gmail.com>
 2015-2015 AnthIste <rubenbak@gmail.com>
 2019-2019 Andrea Catania <info@andreacatania.com>
 2019-2019 Michael Tang <tangmi@uw.edu>
 2014-2014 Jakob Fries <jakob.fries@gmail.com>
 2014-2014 Sébastien Crozet <developer@crozet.re>
 2015-2015 Ryan Stewart <ryan@binsoftware.com>
 2014-2014 Prajwal Manjunath <prajwalkman@gmail.com>
 2017-2017 Owen Sanchez <pengowen816@gmail.com>
 2014-2014 Masanori Ogino <masanori.ogino@gmail.com>
 2014-2014 Martti Rannanjärvi <martti.rannanjarvi@iki.fi>
 2019-2019 Mick van Gelderen <mickvangelderen@gmail.com>
 2017-2017 Martin Lindhe <martin-commit@ubique.se>
 2017-2017 kennytm <kennytm@gmail.com>
 2020-2020 Marco Giordano <marco.giordano.work@gmail.com>
 2022-2022 Mauro Gentile <gents83@gmail.com>
 2017-2017 Guillaume E <ggendx@gmail.com>
 2016-2016 Corey Farwell <coreyf@rwell.org>
 2020-2020 Jonathan Behrens <fintelia@gmail.com>
 2017-2017 Eyal Kalderon <ebkalderon@gmail.com>
 2016-2016 Dan Palmer <dan@danpalmer.me>
 2021-2021 Dana Jansens <danakj@chromium.org>
 2020-2020 Luyu Cheng <chengluyu@live.cn>
 2014-2014 Sven Nilsen <bvssvni@gmail.com>
 2015-2015 Bo Bakker <bobakk3r@gmail.com>
 2019-2019 blargg <tomjankauski@gmail.com>
 2017-2017 Andy Stanton <andystanton@gmail.com>
 2018-2018 Alex Butler <alexheretic@gmail.com>
 2016-2016 Aditya Singh <adiultra@users.noreply.github.com>
 2014-2014 Vyacheslav Zhdanovskiy <zhdanovskiy.vd@phystech.edu>
 2018-2018 Vlad Shcherbina <vlad.shcherbina@gmail.com>
 2015-2015 Tim Neumann <mail@timnn.me>
 2017-2017 Simon Rönnberg <seamonr@gmail.com>
 2019-2019 Plotnus <Plotnus@users.noreply.github.com>
 2014-2014 Erik Hedvall <erikwhedvall@gmail.com>
 2013-2013 Jeff Belgum <belgum@openai.com>
 2013-2013 Jarrett Billingsley <jarrett.billingsley@gmail.com>
 2018-2018 Bastien Orivel <eijebong@bananium.fr>
 2015-2015 derekburch <derekaburch@gmail.com>
 2014-2014 Dragos Blaj <blaj.dragos@gmail.com>
 2021-2021 Andrei Jardan <jardan.andrei@gmail.com>
 2021-2021 Bryce Besler <Besler@users.noreply.github.com>
 2016-2016 Arvamer <arvamer@gmail.com>
 2017-2017 Aceeri <conmcclusk@gmail.com>
License: Apache-2.0

Files: debian/*
Copyright:
 2025 Debian Rust Maintainers <pkg-rust-maintainers@alioth-lists.debian.net>
 2025 Federico Ceratto <federico@debian.org>
License: Apache-2.0

License: Apache-2.0
 Debian systems provide the Apache 2.0 license in
 /usr/share/common-licenses/Apache-2.0
